bucket,key,size_bytes,last_modified_utc,layer,family,role,target_family
swb-321-irs990-teos,bronze/acs/acs5_full_2024.csv,210982,2026-04-22T00:56:56+00:00,bronze,acs,data,False
swb-321-irs990-teos,bronze/acs/acs5_profile_2024.csv,317347,2026-04-22T00:56:56+00:00,bronze,acs,data,False
swb-321-irs990-teos,bronze/acs/acs5_subject_2024.csv,207978,2026-04-22T00:56:56+00:00,bronze,acs,data,False
swb-321-irs990-teos,bronze/bls/qcew-nonprofits-2022.xlsx,2472733,2026-04-05T20:14:13+00:00,bronze,bls,documentation,False
swb-321-irs990-teos,bronze/givingtuesday_990/datamarts/metadata/curated_output_size_verification_report.csv,2956,2026-03-28T19:56:54+00:00,bronze,givingtuesday_990,metadata,True
swb-321-irs990-teos,bronze/givingtuesday_990/datamarts/metadata/datamart_catalog.csv,14798,2026-03-18T19:11:07+00:00,bronze,givingtuesday_990,metadata,True
swb-321-irs990-teos,bronze/givingtuesday_990/datamarts/metadata/datamart_catalog.md,14196,2026-03-18T19:11:08+00:00,bronze,givingtuesday_990,metadata,True
swb-321-irs990-teos,bronze/givingtuesday_990/datamarts/metadata/datamart_catalog_raw.json,42596,2026-03-29T19:45:08+00:00,bronze,givingtuesday_990,metadata,True
swb-321-irs990-teos,bronze/givingtuesday_990/datamarts/metadata/datamart_fields.csv,238445,2026-03-18T19:11:10+00:00,bronze,givingtuesday_990,metadata,True
swb-321-irs990-teos,bronze/givingtuesday_990/datamarts/metadata/datamart_fields.md,157412,2026-03-18T19:11:11+00:00,bronze,givingtuesday_990,metadata,True
swb-321-irs990-teos,bronze/givingtuesday_990/datamarts/metadata/download_state_manifest.json,1364,2026-03-28T19:56:54+00:00,bronze,givingtuesday_990,metadata,True
swb-321-irs990-teos,bronze/givingtuesday_990/datamarts/metadata/gt_pipeline_artifact_manifest.csv,12397,2026-03-28T19:56:54+00:00,bronze,givingtuesday_990,metadata,True
swb-321-irs990-teos,bronze/givingtuesday_990/datamarts/metadata/gt_pipeline_artifact_manifest.json,16834,2026-03-28T19:56:54+00:00,bronze,givingtuesday_990,metadata,True
swb-321-irs990-teos,bronze/givingtuesday_990/datamarts/metadata/raw_bronze_upload_state.json,6134,2026-03-28T19:56:55+00:00,bronze,givingtuesday_990,metadata,True
swb-321-irs990-teos,bronze/givingtuesday_990/datamarts/metadata/raw_size_verification_state.json,2720,2026-03-28T19:56:55+00:00,bronze,givingtuesday_990,metadata,True
swb-321-irs990-teos,bronze/givingtuesday_990/datamarts/metadata/required_datasets_manifest.csv,1917,2026-03-18T19:11:12+00:00,bronze,givingtuesday_990,metadata,True
swb-321-irs990-teos,bronze/givingtuesday_990/datamarts/metadata/run_990_datamart_pipeline_summary.json,1683,2026-03-28T19:56:55+00:00,bronze,givingtuesday_990,metadata,True
swb-321-irs990-teos,bronze/givingtuesday_990/datamarts/metadata/schema_snapshot_basic_allforms_filtered.json,6442,2026-03-28T19:56:55+00:00,bronze,givingtuesday_990,metadata,True
swb-321-irs990-teos,bronze/givingtuesday_990/datamarts/metadata/schema_snapshot_filings_filtered.json,6516,2026-03-28T19:56:56+00:00,bronze,givingtuesday_990,metadata,True
swb-321-irs990-teos,bronze/givingtuesday_990/datamarts/metadata/size_verification_report.csv,2461,2026-03-29T19:45:11+00:00,bronze,givingtuesday_990,metadata,True
swb-321-irs990-teos,bronze/givingtuesday_990/datamarts/presilver/givingtuesday_990_basic_allforms_presilver.parquet,2220305,2026-04-06T21:01:51+00:00,bronze,givingtuesday_990,data,True
swb-321-irs990-teos,bronze/givingtuesday_990/datamarts/presilver/givingtuesday_990_basic_plus_combined_presilver.parquet,2045565,2026-04-06T21:01:51+00:00,bronze,givingtuesday_990,data,True
swb-321-irs990-teos,bronze/givingtuesday_990/datamarts/raw/2025_07_10_All_Years_990_990ez_990pf_990n_Combined_DataMart.csv,2140103678,2026-03-18T19:11:13+00:00,bronze,givingtuesday_990,data,True
swb-321-irs990-teos,bronze/givingtuesday_990/datamarts/raw/2025_08_29_All_Years_990PFStandardFields.csv,677317763,2026-03-18T19:20:03+00:00,bronze,givingtuesday_990,data,True
swb-321-irs990-teos,bronze/givingtuesday_990/datamarts/raw/2025_10_18_All_Years_990StandardFields.csv,2302094678,2026-03-18T19:22:48+00:00,bronze,givingtuesday_990,data,True
swb-321-irs990-teos,bronze/givingtuesday_990/datamarts/raw/2025_10_28_All_Years_990EZStandardFields.csv,1432510202,2026-03-18T19:31:59+00:00,bronze,givingtuesday_990,data,True
swb-321-irs990-teos,bronze/givingtuesday_990/datamarts/unfiltered/givingtuesday_990_basic_allforms_unfiltered.parquet,2415846494,2026-03-31T18:03:11+00:00,bronze,givingtuesday_990,data,True
swb-321-irs990-teos,bronze/givingtuesday_990/datamarts/unfiltered/givingtuesday_990_basic_plus_combined_unfiltered.parquet,2095594,2026-03-31T18:03:11+00:00,bronze,givingtuesday_990,data,True
swb-321-irs990-teos,bronze/irs990/bmf/eo_az.csv,5263962,2026-04-01T22:21:16+00:00,bronze,irs_bmf,data,True
swb-321-irs990-teos,bronze/irs990/bmf/eo_mn.csv,6877718,2026-04-01T22:21:23+00:00,bronze,irs_bmf,data,True
swb-321-irs990-teos,bronze/irs990/bmf/eo_mt.csv,2084020,2026-04-01T22:21:33+00:00,bronze,irs_bmf,data,True
swb-321-irs990-teos,bronze/irs990/bmf/eo_sd.csv,1253270,2026-04-01T22:21:36+00:00,bronze,irs_bmf,data,True
swb-321-irs990-teos,bronze/irs990/bmf/metadata/irs_bmf_raw_manifest.csv,1048,2026-04-01T22:21:39+00:00,bronze,irs_bmf,metadata,True
swb-321-irs990-teos,bronze/irs990/teos_xml/code/python.zip,105604,2026-02-27T22:14:53+00:00,bronze,irs_teos_xml,data,False
swb-321-irs990-teos,bronze/irs990/teos_xml/index/year=2021/.keep,0,2026-02-22T22:44:36+00:00,bronze,irs_teos_xml,other,False
swb-321-irs990-teos,bronze/irs990/teos_xml/index/year=2021/index_2021.csv,74764447,2026-03-03T04:13:36+00:00,bronze,irs_teos_xml,data,False
swb-321-irs990-teos,bronze/irs990/teos_xml/index/year=2022/.keep,0,2026-02-22T22:44:40+00:00,bronze,irs_teos_xml,other,False
swb-321-irs990-teos,bronze/irs990/teos_xml/index/year=2022/index_2022.csv,72228246,2026-03-03T04:13:23+00:00,bronze,irs_teos_xml,data,False
swb-321-irs990-teos,bronze/irs990/teos_xml/index/year=2023/.keep,0,2026-02-22T22:44:43+00:00,bronze,irs_teos_xml,other,False
swb-321-irs990-teos,bronze/irs990/teos_xml/index/year=2023/index_2023.csv,77519435,2026-03-03T04:13:31+00:00,bronze,irs_teos_xml,data,False
swb-321-irs990-teos,bronze/irs990/teos_xml/index/year=2024/.keep,0,2026-02-22T22:44:46+00:00,bronze,irs_teos_xml,other,False
swb-321-irs990-teos,bronze/irs990/teos_xml/index/year=2024/index_2024.csv,91056866,2026-03-03T04:13:39+00:00,bronze,irs_teos_xml,data,False
swb-321-irs990-teos,bronze/irs990/teos_xml/index/year=2025/.keep,0,2026-02-22T22:44:50+00:00,bronze,irs_teos_xml,other,False
swb-321-irs990-teos,bronze/irs990/teos_xml/index/year=2025/index_2025.csv,93053080,2026-03-03T04:29:39+00:00,bronze,irs_teos_xml,data,False
swb-321-irs990-teos,bronze/irs990/teos_xml/index/year=2026/index_2026.csv,1474371,2026-03-03T04:31:46+00:00,bronze,irs_teos_xml,data,False
swb-321-irs990-teos,bronze/irs990/teos_xml/zips/year=2021/.keep,0,2026-02-22T22:44:38+00:00,bronze,irs_teos_xml,other,False
swb-321-irs990-teos,bronze/irs990/teos_xml/zips/year=2021/2021_TEOS_XML_01A.zip,3715545729,2026-03-04T03:28:19+00:00,bronze,irs_teos_xml,data,False
swb-321-irs990-teos,bronze/irs990/teos_xml/zips/year=2021/2021_TEOS_XML_17903370.zip,1917,2026-02-23T04:50:36+00:00,bronze,irs_teos_xml,data,False
swb-321-irs990-teos,bronze/irs990/teos_xml/zips/year=2021/2021_TEOS_XML_17903377.zip,1917,2026-02-23T04:50:49+00:00,bronze,irs_teos_xml,data,False
swb-321-irs990-teos,bronze/irs990/teos_xml/zips/year=2021/2021_TEOS_XML_17903389.zip,1917,2026-02-23T04:51:10+00:00,bronze,irs_teos_xml,data,False
swb-321-irs990-teos,bronze/irs990/teos_xml/zips/year=2021/2021_TEOS_XML_17903396.zip,1917,2026-02-23T04:51:23+00:00,bronze,irs_teos_xml,data,False
swb-321-irs990-teos,bronze/irs990/teos_xml/zips/year=2021/2021_TEOS_XML_17903401.zip,1917,2026-02-23T04:51:33+00:00,bronze,irs_teos_xml,data,False
swb-321-irs990-teos,bronze/irs990/teos_xml/zips/year=2021/2021_TEOS_XML_17903405.zip,1917,2026-02-23T04:51:41+00:00,bronze,irs_teos_xml,data,False
swb-321-irs990-teos,bronze/irs990/teos_xml/zips/year=2021/2021_TEOS_XML_17903435.zip,1917,2026-02-23T04:52:33+00:00,bronze,irs_teos_xml,data,False
swb-321-irs990-teos,bronze/irs990/teos_xml/zips/year=2021/2021_TEOS_XML_17903453.zip,1917,2026-02-23T04:52:58+00:00,bronze,irs_teos_xml,data,False
swb-321-irs990-teos,bronze/irs990/teos_xml/zips/year=2021/2021_TEOS_XML_17903479.zip,1917,2026-02-23T04:53:07+00:00,bronze,irs_teos_xml,data,False
swb-321-irs990-teos,bronze/irs990/teos_xml/zips/year=2021/2021_TEOS_XML_17903511.zip,1917,2026-02-23T04:54:03+00:00,bronze,irs_teos_xml,data,False
swb-321-irs990-teos,bronze/irs990/teos_xml/zips/year=2021/2021_TEOS_XML_17903533.zip,1917,2026-02-23T04:54:43+00:00,bronze,irs_teos_xml,data,False
swb-321-irs990-teos,bronze/irs990/teos_xml/zips/year=2021/2021_TEOS_XML_17903543.zip,1917,2026-02-23T04:55:01+00:00,bronze,irs_teos_xml,data,False
swb-321-irs990-teos,bronze/irs990/teos_xml/zips/year=2021/2021_TEOS_XML_17903556.zip,1917,2026-02-23T04:55:23+00:00,bronze,irs_teos_xml,data,False
swb-321-irs990-teos,bronze/irs990/teos_xml/zips/year=2021/2021_TEOS_XML_17903566.zip,1917,2026-02-23T04:55:41+00:00,bronze,irs_teos_xml,data,False
swb-321-irs990-teos,bronze/irs990/teos_xml/zips/year=2021/2021_TEOS_XML_17903572.zip,1917,2026-02-23T04:55:52+00:00,bronze,irs_teos_xml,data,False
swb-321-irs990-teos,bronze/irs990/teos_xml/zips/year=2021/2021_TEOS_XML_17903578.zip,1917,2026-02-23T04:56:04+00:00,bronze,irs_teos_xml,data,False
swb-321-irs990-teos,bronze/irs990/teos_xml/zips/year=2021/2021_TEOS_XML_17903583.zip,1917,2026-02-23T04:56:14+00:00,bronze,irs_teos_xml,data,False
swb-321-irs990-teos,bronze/irs990/teos_xml/zips/year=2021/2021_TEOS_XML_17903590.zip,1917,2026-02-23T04:56:26+00:00,bronze,irs_teos_xml,data,False
swb-321-irs990-teos,bronze/irs990/teos_xml/zips/year=2021/2021_TEOS_XML_17903593.zip,1917,2026-02-23T04:56:33+00:00,bronze,irs_teos_xml,data,False
swb-321-irs990-teos,bronze/irs990/teos_xml/zips/year=2021/2021_TEOS_XML_17903597.zip,1917,2026-02-23T04:56:41+00:00,bronze,irs_teos_xml,data,False
swb-321-irs990-teos,bronze/irs990/teos_xml/zips/year=2021/2021_TEOS_XML_17903610.zip,1917,2026-02-23T04:57:05+00:00,bronze,irs_teos_xml,data,False
swb-321-irs990-teos,bronze/irs990/teos_xml/zips/year=2021/2021_TEOS_XML_17903612.zip,1917,2026-02-23T04:57:09+00:00,bronze,irs_teos_xml,data,False
swb-321-irs990-teos,bronze/irs990/teos_xml/zips/year=2021/2021_TEOS_XML_17903622.zip,1917,2026-02-23T04:57:27+00:00,bronze,irs_teos_xml,data,False
swb-321-irs990-teos,bronze/irs990/teos_xml/zips/year=2021/2021_TEOS_XML_17903624.zip,1917,2026-02-23T04:57:32+00:00,bronze,irs_teos_xml,data,False
swb-321-irs990-teos,bronze/irs990/teos_xml/zips/year=2021/2021_TEOS_XML_17903631.zip,1917,2026-02-23T04:57:46+00:00,bronze,irs_teos_xml,data,False
swb-321-irs990-teos,bronze/irs990/teos_xml/zips/year=2021/2021_TEOS_XML_17903645.zip,1917,2026-02-23T04:58:11+00:00,bronze,irs_teos_xml,data,False
swb-321-irs990-teos,bronze/irs990/teos_xml/zips/year=2021/2021_TEOS_XML_17903646.zip,1917,2026-02-23T04:58:14+00:00,bronze,irs_teos_xml,data,False
swb-321-irs990-teos,bronze/irs990/teos_xml/zips/year=2021/2021_TEOS_XML_17903654.zip,1917,2026-02-23T04:58:28+00:00,bronze,irs_teos_xml,data,False
swb-321-irs990-teos,bronze/irs990/teos_xml/zips/year=2021/2021_TEOS_XML_17906754.zip,1917,2026-02-23T06:24:00+00:00,bronze,irs_teos_xml,data,False
swb-321-irs990-teos,bronze/irs990/teos_xml/zips/year=2021/2021_TEOS_XML_17906755.zip,1917,2026-02-23T06:24:02+00:00,bronze,irs_teos_xml,data,False
swb-321-irs990-teos,bronze/irs990/teos_xml/zips/year=2021/2021_TEOS_XML_17906760.zip,1917,2026-02-23T06:24:11+00:00,bronze,irs_teos_xml,data,False
swb-321-irs990-teos,bronze/irs990/teos_xml/zips/year=2021/2021_TEOS_XML_17906763.zip,1917,2026-02-23T06:24:18+00:00,bronze,irs_teos_xml,data,False
swb-321-irs990-teos,bronze/irs990/teos_xml/zips/year=2021/2021_TEOS_XML_17906769.zip,1917,2026-02-23T06:24:29+00:00,bronze,irs_teos_xml,data,False
swb-321-irs990-teos,bronze/irs990/teos_xml/zips/year=2021/2021_TEOS_XML_17906783.zip,1917,2026-02-23T06:24:53+00:00,bronze,irs_teos_xml,data,False
swb-321-irs990-teos,bronze/irs990/teos_xml/zips/year=2021/2021_TEOS_XML_17906784.zip,1917,2026-02-23T06:24:55+00:00,bronze,irs_teos_xml,data,False
swb-321-irs990-teos,bronze/irs990/teos_xml/zips/year=2021/2021_TEOS_XML_17906795.zip,1917,2026-02-23T06:25:16+00:00,bronze,irs_teos_xml,data,False
swb-321-irs990-teos,bronze/irs990/teos_xml/zips/year=2021/2021_TEOS_XML_17906803.zip,1917,2026-02-23T06:25:30+00:00,bronze,irs_teos_xml,data,False
swb-321-irs990-teos,bronze/irs990/teos_xml/zips/year=2021/2021_TEOS_XML_17906804.zip,1917,2026-02-23T06:25:33+00:00,bronze,irs_teos_xml,data,False
swb-321-irs990-teos,bronze/irs990/teos_xml/zips/year=2021/2021_TEOS_XML_17906805.zip,1917,2026-02-23T06:25:35+00:00,bronze,irs_teos_xml,data,False
swb-321-irs990-teos,bronze/irs990/teos_xml/zips/year=2021/2021_TEOS_XML_17906809.zip,1917,2026-02-23T06:25:43+00:00,bronze,irs_teos_xml,data,False
swb-321-irs990-teos,bronze/irs990/teos_xml/zips/year=2021/2021_TEOS_XML_17906813.zip,1917,2026-02-23T06:25:50+00:00,bronze,irs_teos_xml,data,False
swb-321-irs990-teos,bronze/irs990/teos_xml/zips/year=2021/2021_TEOS_XML_17906815.zip,1917,2026-02-23T06:25:54+00:00,bronze,irs_teos_xml,data,False
swb-321-irs990-teos,bronze/irs990/teos_xml/zips/year=2021/2021_TEOS_XML_17906822.zip,1917,2026-02-23T06:26:06+00:00,bronze,irs_teos_xml,data,False
swb-321-irs990-teos,bronze/irs990/teos_xml/zips/year=2021/2021_TEOS_XML_17906832.zip,1917,2026-02-23T06:26:23+00:00,bronze,irs_teos_xml,data,False
swb-321-irs990-teos,bronze/irs990/teos_xml/zips/year=2021/2021_TEOS_XML_17906833.zip,1917,2026-02-23T06:26:26+00:00,bronze,irs_teos_xml,data,False
swb-321-irs990-teos,bronze/irs990/teos_xml/zips/year=2021/2021_TEOS_XML_17906839.zip,1917,2026-02-23T06:26:36+00:00,bronze,irs_teos_xml,data,False
swb-321-irs990-teos,bronze/irs990/teos_xml/zips/year=2021/2021_TEOS_XML_17906841.zip,1917,2026-02-23T06:26:41+00:00,bronze,irs_teos_xml,data,False
swb-321-irs990-teos,bronze/irs990/teos_xml/zips/year=2021/2021_TEOS_XML_17906842.zip,1917,2026-02-23T06:26:44+00:00,bronze,irs_teos_xml,data,False
swb-321-irs990-teos,bronze/irs990/teos_xml/zips/year=2021/2021_TEOS_XML_17906845.zip,1917,2026-02-23T06:26:50+00:00,bronze,irs_teos_xml,data,False
swb-321-irs990-teos,bronze/irs990/teos_xml/zips/year=2021/2021_TEOS_XML_17906865.zip,1917,2026-02-23T06:27:24+00:00,bronze,irs_teos_xml,data,False
swb-321-irs990-teos,bronze/irs990/teos_xml/zips/year=2021/2021_TEOS_XML_17906871.zip,1917,2026-02-23T06:27:36+00:00,bronze,irs_teos_xml,data,False
swb-321-irs990-teos,bronze/irs990/teos_xml/zips/year=2021/2021_TEOS_XML_17921176.zip,1917,2026-02-23T07:07:41+00:00,bronze,irs_teos_xml,data,False
swb-321-irs990-teos,bronze/irs990/teos_xml/zips/year=2021/2021_TEOS_XML_17921180.zip,1917,2026-02-23T07:07:48+00:00,bronze,irs_teos_xml,data,False
swb-321-irs990-teos,bronze/irs990/teos_xml/zips/year=2021/2021_TEOS_XML_17921185.zip,1917,2026-02-23T07:07:58+00:00,bronze,irs_teos_xml,data,False
swb-321-irs990-teos,bronze/irs990/teos_xml/zips/year=2021/2021_TEOS_XML_17921188.zip,1917,2026-02-23T07:08:04+00:00,bronze,irs_teos_xml,data,False
swb-321-irs990-teos,bronze/irs990/teos_xml/zips/year=2021/2021_TEOS_XML_17921190.zip,1917,2026-02-23T07:08:08+00:00,bronze,irs_teos_xml,data,False
swb-321-irs990-teos,bronze/irs990/teos_xml/zips/year=2021/2021_TEOS_XML_17921191.zip,1917,2026-02-23T07:08:10+00:00,bronze,irs_teos_xml,data,False
swb-321-irs990-teos,bronze/irs990/teos_xml/zips/year=2021/2021_TEOS_XML_17921195.zip,1917,2026-02-23T07:08:18+00:00,bronze,irs_teos_xml,data,False
swb-321-irs990-teos,bronze/irs990/teos_xml/zips/year=2021/2021_TEOS_XML_17921196.zip,1917,2026-02-23T07:08:21+00:00,bronze,irs_teos_xml,data,False
swb-321-irs990-teos,bronze/irs990/teos_xml/zips/year=2021/2021_TEOS_XML_17921197.zip,1917,2026-02-23T07:08:23+00:00,bronze,irs_teos_xml,data,False
swb-321-irs990-teos,bronze/irs990/teos_xml/zips/year=2021/2021_TEOS_XML_17921200.zip,1917,2026-02-23T07:08:30+00:00,bronze,irs_teos_xml,data,False
swb-321-irs990-teos,bronze/irs990/teos_xml/zips/year=2021/2021_TEOS_XML_17921203.zip,1917,2026-02-23T07:08:35+00:00,bronze,irs_teos_xml,data,False
swb-321-irs990-teos,bronze/irs990/teos_xml/zips/year=2021/2021_TEOS_XML_17921223.zip,1917,2026-02-23T07:09:09+00:00,bronze,irs_teos_xml,data,False
swb-321-irs990-teos,bronze/irs990/teos_xml/zips/year=2021/2021_TEOS_XML_17921224.zip,1917,2026-02-23T07:09:11+00:00,bronze,irs_teos_xml,data,False
swb-321-irs990-teos,bronze/irs990/teos_xml/zips/year=2021/2021_TEOS_XML_17921230.zip,1917,2026-02-23T07:09:22+00:00,bronze,irs_teos_xml,data,False
swb-321-irs990-teos,bronze/irs990/teos_xml/zips/year=2021/2021_TEOS_XML_17921232.zip,1917,2026-02-23T07:09:26+00:00,bronze,irs_teos_xml,data,False
swb-321-irs990-teos,bronze/irs990/teos_xml/zips/year=2021/2021_TEOS_XML_17921235.zip,1917,2026-02-23T07:09:31+00:00,bronze,irs_teos_xml,data,False
swb-321-irs990-teos,bronze/irs990/teos_xml/zips/year=2021/2021_TEOS_XML_17921236.zip,1917,2026-02-23T07:09:33+00:00,bronze,irs_teos_xml,data,False
swb-321-irs990-teos,bronze/irs990/teos_xml/zips/year=2021/2021_TEOS_XML_17921238.zip,1917,2026-02-23T07:09:37+00:00,bronze,irs_teos_xml,data,False
swb-321-irs990-teos,bronze/irs990/teos_xml/zips/year=2021/2021_TEOS_XML_17921246.zip,1917,2026-02-23T07:09:50+00:00,bronze,irs_teos_xml,data,False
swb-321-irs990-teos,bronze/irs990/teos_xml/zips/year=2021/2021_TEOS_XML_17921268.zip,1917,2026-02-23T07:10:26+00:00,bronze,irs_teos_xml,data,False
swb-321-irs990-teos,bronze/irs990/teos_xml/zips/year=2021/2021_TEOS_XML_17921297.zip,1917,2026-02-23T07:11:11+00:00,bronze,irs_teos_xml,data,False
swb-321-irs990-teos,bronze/irs990/teos_xml/zips/year=2021/2021_TEOS_XML_17924491.zip,77485,2026-02-23T08:31:15+00:00,bronze,irs_teos_xml,data,False
swb-321-irs990-teos,bronze/irs990/teos_xml/zips/year=2021/2021_TEOS_XML_18177320.zip,1917,2026-02-23T10:29:05+00:00,bronze,irs_teos_xml,data,False
swb-321-irs990-teos,bronze/irs990/teos_xml/zips/year=2021/2021_TEOS_XML_18177366.zip,1917,2026-02-23T10:30:20+00:00,bronze,irs_teos_xml,data,False
swb-321-irs990-teos,bronze/irs990/teos_xml/zips/year=2021/2021_TEOS_XML_18177368.zip,1917,2026-02-23T10:30:23+00:00,bronze,irs_teos_xml,data,False
swb-321-irs990-teos,bronze/irs990/teos_xml/zips/year=2021/2021_TEOS_XML_18199786.zip,1917,2026-02-23T16:20:35+00:00,bronze,irs_teos_xml,data,False
swb-321-irs990-teos,bronze/irs990/teos_xml/zips/year=2021/2021_TEOS_XML_18199792.zip,1917,2026-02-23T16:20:44+00:00,bronze,irs_teos_xml,data,False
swb-321-irs990-teos,bronze/irs990/teos_xml/zips/year=2021/2021_TEOS_XML_18199796.zip,1917,2026-02-23T16:20:51+00:00,bronze,irs_teos_xml,data,False
swb-321-irs990-teos,bronze/irs990/teos_xml/zips/year=2021/2021_TEOS_XML_18199806.zip,1917,2026-02-23T16:21:08+00:00,bronze,irs_teos_xml,data,False
swb-321-irs990-teos,bronze/irs990/teos_xml/zips/year=2021/2021_TEOS_XML_18199983.zip,1917,2026-02-23T16:25:32+00:00,bronze,irs_teos_xml,data,False
swb-321-irs990-teos,bronze/irs990/teos_xml/zips/year=2021/2021_TEOS_XML_18199986.zip,1917,2026-02-23T16:25:38+00:00,bronze,irs_teos_xml,data,False
swb-321-irs990-teos,bronze/irs990/teos_xml/zips/year=2021/2021_TEOS_XML_18200019.zip,1917,2026-02-23T16:26:32+00:00,bronze,irs_teos_xml,data,False
swb-321-irs990-teos,bronze/irs990/teos_xml/zips/year=2021/2021_TEOS_XML_18200057.zip,1917,2026-02-23T16:27:29+00:00,bronze,irs_teos_xml,data,False
swb-321-irs990-teos,bronze/irs990/teos_xml/zips/year=2021/2021_TEOS_XML_18200060.zip,1917,2026-02-23T16:27:35+00:00,bronze,irs_teos_xml,data,False
swb-321-irs990-teos,bronze/irs990/teos_xml/zips/year=2021/2021_TEOS_XML_18200064.zip,1917,2026-02-23T16:27:42+00:00,bronze,irs_teos_xml,data,False
swb-321-irs990-teos,bronze/irs990/teos_xml/zips/year=2021/2021_TEOS_XML_18200067.zip,1917,2026-02-23T16:27:48+00:00,bronze,irs_teos_xml,data,False
swb-321-irs990-teos,bronze/irs990/teos_xml/zips/year=2021/2021_TEOS_XML_18200075.zip,1917,2026-02-23T16:28:02+00:00,bronze,irs_teos_xml,data,False
swb-321-irs990-teos,bronze/irs990/teos_xml/zips/year=2021/2021_TEOS_XML_18200078.zip,1917,2026-02-23T16:28:08+00:00,bronze,irs_teos_xml,data,False
swb-321-irs990-teos,bronze/irs990/teos_xml/zips/year=2021/2021_TEOS_XML_18200087.zip,1917,2026-02-23T16:28:24+00:00,bronze,irs_teos_xml,data,False
swb-321-irs990-teos,bronze/irs990/teos_xml/zips/year=2021/2021_TEOS_XML_18200092.zip,1917,2026-02-23T16:28:34+00:00,bronze,irs_teos_xml,data,False
swb-321-irs990-teos,bronze/irs990/teos_xml/zips/year=2021/2021_TEOS_XML_18200093.zip,1917,2026-02-23T16:28:37+00:00,bronze,irs_teos_xml,data,False
swb-321-irs990-teos,bronze/irs990/teos_xml/zips/year=2021/2021_TEOS_XML_18200096.zip,1917,2026-02-23T16:28:42+00:00,bronze,irs_teos_xml,data,False
swb-321-irs990-teos,bronze/irs990/teos_xml/zips/year=2021/2021_TEOS_XML_18200099.zip,1917,2026-02-23T16:28:48+00:00,bronze,irs_teos_xml,data,False
swb-321-irs990-teos,bronze/irs990/teos_xml/zips/year=2021/2021_TEOS_XML_18200104.zip,1917,2026-02-23T16:28:57+00:00,bronze,irs_teos_xml,data,False
swb-321-irs990-teos,bronze/irs990/teos_xml/zips/year=2021/2021_TEOS_XML_18200108.zip,1917,2026-02-23T16:29:05+00:00,bronze,irs_teos_xml,data,False
swb-321-irs990-teos,bronze/irs990/teos_xml/zips/year=2021/2021_TEOS_XML_18200110.zip,1917,2026-02-23T16:29:10+00:00,bronze,irs_teos_xml,data,False
swb-321-irs990-teos,bronze/irs990/teos_xml/zips/year=2021/2021_TEOS_XML_18200112.zip,1917,2026-02-23T16:29:14+00:00,bronze,irs_teos_xml,data,False
swb-321-irs990-teos,bronze/irs990/teos_xml/zips/year=2021/2021_TEOS_XML_18200114.zip,1917,2026-02-23T16:29:18+00:00,bronze,irs_teos_xml,data,False
swb-321-irs990-teos,bronze/irs990/teos_xml/zips/year=2021/2021_TEOS_XML_18200117.zip,1917,2026-02-23T16:29:24+00:00,bronze,irs_teos_xml,data,False
swb-321-irs990-teos,bronze/irs990/teos_xml/zips/year=2021/2021_TEOS_XML_18200120.zip,1917,2026-02-23T16:29:29+00:00,bronze,irs_teos_xml,data,False
swb-321-irs990-teos,bronze/irs990/teos_xml/zips/year=2021/2021_TEOS_XML_18200122.zip,1917,2026-02-23T16:29:34+00:00,bronze,irs_teos_xml,data,False
swb-321-irs990-teos,bronze/irs990/teos_xml/zips/year=2021/2021_TEOS_XML_18200126.zip,1917,2026-02-23T16:29:41+00:00,bronze,irs_teos_xml,data,False
swb-321-irs990-teos,bronze/irs990/teos_xml/zips/year=2021/2021_TEOS_XML_18200141.zip,1917,2026-02-23T16:30:06+00:00,bronze,irs_teos_xml,data,False
swb-321-irs990-teos,bronze/irs990/teos_xml/zips/year=2021/2021_TEOS_XML_18200149.zip,1917,2026-02-23T16:30:20+00:00,bronze,irs_teos_xml,data,False
swb-321-irs990-teos,bronze/irs990/teos_xml/zips/year=2021/2021_TEOS_XML_18200154.zip,1917,2026-02-23T16:30:28+00:00,bronze,irs_teos_xml,data,False
swb-321-irs990-teos,bronze/irs990/teos_xml/zips/year=2021/2021_TEOS_XML_18200156.zip,1917,2026-02-23T16:30:32+00:00,bronze,irs_teos_xml,data,False
swb-321-irs990-teos,bronze/irs990/teos_xml/zips/year=2021/2021_TEOS_XML_18200163.zip,1917,2026-02-23T16:30:45+00:00,bronze,irs_teos_xml,data,False
swb-321-irs990-teos,bronze/irs990/teos_xml/zips/year=2021/2021_TEOS_XML_18200405.zip,1917,2026-02-23T16:35:41+00:00,bronze,irs_teos_xml,data,False
swb-321-irs990-teos,bronze/irs990/teos_xml/zips/year=2021/2021_TEOS_XML_18200408.zip,1917,2026-02-23T16:35:48+00:00,bronze,irs_teos_xml,data,False
swb-321-irs990-teos,bronze/irs990/teos_xml/zips/year=2021/2021_TEOS_XML_18200442.zip,1917,2026-02-23T16:36:40+00:00,bronze,irs_teos_xml,data,False
swb-321-irs990-teos,bronze/irs990/teos_xml/zips/year=2021/2021_TEOS_XML_18200447.zip,1917,2026-02-23T16:36:50+00:00,bronze,irs_teos_xml,data,False
swb-321-irs990-teos,bronze/irs990/teos_xml/zips/year=2021/2021_TEOS_XML_18200560.zip,1917,2026-02-23T16:39:47+00:00,bronze,irs_teos_xml,data,False
swb-321-irs990-teos,bronze/irs990/teos_xml/zips/year=2021/2021_TEOS_XML_18200561.zip,1917,2026-02-23T16:39:50+00:00,bronze,irs_teos_xml,data,False
swb-321-irs990-teos,bronze/irs990/teos_xml/zips/year=2021/2021_TEOS_XML_18200562.zip,1917,2026-02-23T16:39:52+00:00,bronze,irs_teos_xml,data,False
swb-321-irs990-teos,bronze/irs990/teos_xml/zips/year=2021/2021_TEOS_XML_18200566.zip,1917,2026-02-23T16:39:59+00:00,bronze,irs_teos_xml,data,False
swb-321-irs990-teos,bronze/irs990/teos_xml/zips/year=2021/2021_TEOS_XML_18200576.zip,1917,2026-02-23T16:40:16+00:00,bronze,irs_teos_xml,data,False
swb-321-irs990-teos,bronze/irs990/teos_xml/zips/year=2021/2021_TEOS_XML_18200577.zip,1917,2026-02-23T16:40:18+00:00,bronze,irs_teos_xml,data,False
swb-321-irs990-teos,bronze/irs990/teos_xml/zips/year=2021/2021_TEOS_XML_18200588.zip,1917,2026-02-23T16:40:38+00:00,bronze,irs_teos_xml,data,False
swb-321-irs990-teos,bronze/irs990/teos_xml/zips/year=2022/.keep,0,2026-02-22T22:44:41+00:00,bronze,irs_teos_xml,other,False
swb-321-irs990-teos,bronze/irs990/teos_xml/zips/year=2022/2022_TEOS_XML_01A.zip,2603666925,2026-03-04T03:11:30+00:00,bronze,irs_teos_xml,data,False
swb-321-irs990-teos,bronze/irs990/teos_xml/zips/year=2022/2022_TEOS_XML_02A.zip,1408196885,2026-03-04T01:08:09+00:00,bronze,irs_teos_xml,data,False
swb-321-irs990-teos,bronze/irs990/teos_xml/zips/year=2023/.keep,0,2026-02-22T22:44:45+00:00,bronze,irs_teos_xml,other,False
swb-321-irs990-teos,bronze/irs990/teos_xml/zips/year=2023/2023_TEOS_XML_01A.zip,123052879,2026-03-03T21:39:36+00:00,bronze,irs_teos_xml,data,False
swb-321-irs990-teos,bronze/irs990/teos_xml/zips/year=2023/2023_TEOS_XML_02A.zip,234617123,2026-03-03T21:59:25+00:00,bronze,irs_teos_xml,data,False
swb-321-irs990-teos,bronze/irs990/teos_xml/zips/year=2023/2023_TEOS_XML_03A.zip,197165153,2026-03-03T21:46:01+00:00,bronze,irs_teos_xml,data,False
swb-321-irs990-teos,bronze/irs990/teos_xml/zips/year=2023/2023_TEOS_XML_04A.zip,244491049,2026-03-03T22:25:51+00:00,bronze,irs_teos_xml,data,False
swb-321-irs990-teos,bronze/irs990/teos_xml/zips/year=2023/2023_TEOS_XML_05A.zip,990540072,2026-03-04T00:55:57+00:00,bronze,irs_teos_xml,data,False
swb-321-irs990-teos,bronze/irs990/teos_xml/zips/year=2023/2023_TEOS_XML_06A.zip,163716234,2026-03-03T22:44:09+00:00,bronze,irs_teos_xml,data,False
swb-321-irs990-teos,bronze/irs990/teos_xml/zips/year=2023/2023_TEOS_XML_07A.zip,219928555,2026-03-03T23:26:50+00:00,bronze,irs_teos_xml,data,False
swb-321-irs990-teos,bronze/irs990/teos_xml/zips/year=2023/2023_TEOS_XML_08A.zip,266247548,2026-03-03T23:47:21+00:00,bronze,irs_teos_xml,data,False
swb-321-irs990-teos,bronze/irs990/teos_xml/zips/year=2023/2023_TEOS_XML_09A.zip,200422523,2026-03-04T00:23:50+00:00,bronze,irs_teos_xml,data,False
swb-321-irs990-teos,bronze/irs990/teos_xml/zips/year=2023/2023_TEOS_XML_10A.zip,332505047,2026-03-04T01:09:33+00:00,bronze,irs_teos_xml,data,False
swb-321-irs990-teos,bronze/irs990/teos_xml/zips/year=2023/2023_TEOS_XML_11A.zip,1200256933,2026-03-04T02:40:33+00:00,bronze,irs_teos_xml,data,False
swb-321-irs990-teos,bronze/irs990/teos_xml/zips/year=2023/2023_TEOS_XML_12A.zip,120729513,2026-03-04T02:27:27+00:00,bronze,irs_teos_xml,data,False
swb-321-irs990-teos,bronze/irs990/teos_xml/zips/year=2024/.keep,0,2026-02-22T22:44:48+00:00,bronze,irs_teos_xml,other,False
swb-321-irs990-teos,bronze/irs990/teos_xml/zips/year=2024/2024_TEOS_XML_01A.zip,104816571,2026-03-04T03:05:06+00:00,bronze,irs_teos_xml,data,False
swb-321-irs990-teos,bronze/irs990/teos_xml/zips/year=2024/2024_TEOS_XML_02A.zip,243689721,2026-03-04T03:46:19+00:00,bronze,irs_teos_xml,data,False
swb-321-irs990-teos,bronze/irs990/teos_xml/zips/year=2024/2024_TEOS_XML_03A.zip,209335079,2026-03-04T04:15:05+00:00,bronze,irs_teos_xml,data,False
swb-321-irs990-teos,bronze/irs990/teos_xml/zips/year=2024/2024_TEOS_XML_04A.zip,350268985,2026-03-04T05:20:34+00:00,bronze,irs_teos_xml,data,False
swb-321-irs990-teos,bronze/irs990/teos_xml/zips/year=2024/2024_TEOS_XML_05A.zip,977460330,2026-03-04T06:02:55+00:00,bronze,irs_teos_xml,data,False
swb-321-irs990-teos,bronze/irs990/teos_xml/zips/year=2024/2024_TEOS_XML_06A.zip,163872638,2026-03-04T06:47:48+00:00,bronze,irs_teos_xml,data,False
swb-321-irs990-teos,bronze/irs990/teos_xml/zips/year=2024/2024_TEOS_XML_07A.zip,288252859,2026-03-04T07:06:58+00:00,bronze,irs_teos_xml,data,False
swb-321-irs990-teos,bronze/irs990/teos_xml/zips/year=2024/2024_TEOS_XML_08A.zip,260603085,2026-03-04T07:38:04+00:00,bronze,irs_teos_xml,data,False
swb-321-irs990-teos,bronze/irs990/teos_xml/zips/year=2024/2024_TEOS_XML_09A.zip,247036759,2026-03-04T08:16:53+00:00,bronze,irs_teos_xml,data,False
swb-321-irs990-teos,bronze/irs990/teos_xml/zips/year=2024/2024_TEOS_XML_10A.zip,251614735,2026-03-04T08:37:38+00:00,bronze,irs_teos_xml,data,False
swb-321-irs990-teos,bronze/irs990/teos_xml/zips/year=2024/2024_TEOS_XML_11A.zip,1165636963,2026-03-04T08:55:43+00:00,bronze,irs_teos_xml,data,False
swb-321-irs990-teos,bronze/irs990/teos_xml/zips/year=2024/2024_TEOS_XML_12A.zip,128322545,2026-03-04T09:14:06+00:00,bronze,irs_teos_xml,data,False
swb-321-irs990-teos,bronze/irs990/teos_xml/zips/year=2025/.keep,0,2026-02-22T22:44:51+00:00,bronze,irs_teos_xml,other,False
swb-321-irs990-teos,bronze/irs990/teos_xml/zips/year=2025/2025_TEOS_XML_01A.zip,103669610,2026-03-04T09:40:50+00:00,bronze,irs_teos_xml,data,False
swb-321-irs990-teos,bronze/irs990/teos_xml/zips/year=2025/2025_TEOS_XML_02A.zip,239929743,2026-03-04T09:48:38+00:00,bronze,irs_teos_xml,data,False
swb-321-irs990-teos,bronze/irs990/teos_xml/zips/year=2025/2025_TEOS_XML_03A.zip,222596630,2026-03-04T10:05:48+00:00,bronze,irs_teos_xml,data,False
swb-321-irs990-teos,bronze/irs990/teos_xml/zips/year=2025/2025_TEOS_XML_04A.zip,338249494,2026-03-04T10:35:35+00:00,bronze,irs_teos_xml,data,False
swb-321-irs990-teos,bronze/irs990/teos_xml/zips/year=2025/2025_TEOS_XML_05A.zip,495924982,2026-03-04T11:07:50+00:00,bronze,irs_teos_xml,data,False
swb-321-irs990-teos,bronze/irs990/teos_xml/zips/year=2025/2025_TEOS_XML_05B.zip,501021178,2026-03-04T11:09:12+00:00,bronze,irs_teos_xml,data,False
swb-321-irs990-teos,bronze/irs990/teos_xml/zips/year=2025/2025_TEOS_XML_06A.zip,246788129,2026-03-04T12:02:02+00:00,bronze,irs_teos_xml,data,False
swb-321-irs990-teos,bronze/irs990/teos_xml/zips/year=2025/2025_TEOS_XML_07A.zip,143450588,2026-03-04T12:56:52+00:00,bronze,irs_teos_xml,data,False
swb-321-irs990-teos,bronze/irs990/teos_xml/zips/year=2025/2025_TEOS_XML_08A.zip,262744207,2026-03-04T13:02:26+00:00,bronze,irs_teos_xml,data,False
swb-321-irs990-teos,bronze/irs990/teos_xml/zips/year=2025/2025_TEOS_XML_09A.zip,256276809,2026-03-04T13:11:53+00:00,bronze,irs_teos_xml,data,False
swb-321-irs990-teos,bronze/irs990/teos_xml/zips/year=2025/2025_TEOS_XML_10A.zip,56507372,2026-03-04T13:33:23+00:00,bronze,irs_teos_xml,data,False
swb-321-irs990-teos,bronze/irs990/teos_xml/zips/year=2025/2025_TEOS_XML_11A.zip,340137018,2026-03-04T13:51:14+00:00,bronze,irs_teos_xml,data,False
swb-321-irs990-teos,bronze/irs990/teos_xml/zips/year=2025/2025_TEOS_XML_11B.zip,494528498,2026-03-04T14:09:16+00:00,bronze,irs_teos_xml,data,False
swb-321-irs990-teos,bronze/irs990/teos_xml/zips/year=2025/2025_TEOS_XML_11C.zip,277886481,2026-03-04T14:16:38+00:00,bronze,irs_teos_xml,data,False
swb-321-irs990-teos,bronze/irs990/teos_xml/zips/year=2025/2025_TEOS_XML_11D.zip,332775121,2026-03-04T14:20:17+00:00,bronze,irs_teos_xml,data,False
swb-321-irs990-teos,bronze/irs990/teos_xml/zips/year=2025/2025_TEOS_XML_12A.zip,151835020,2026-03-04T14:36:29+00:00,bronze,irs_teos_xml,data,False
swb-321-irs990-teos,bronze/irs990/teos_xml/zips/year=2026/2026_TEOS_XML_01A.zip,71497607,2026-03-04T15:08:37+00:00,bronze,irs_teos_xml,data,False
swb-321-irs990-teos,bronze/irs_soi/county/metadata/latest_release.json,1721,2026-03-20T18:06:14+00:00,bronze,irs_soi_county,metadata,False
swb-321-irs990-teos,bronze/irs_soi/county/metadata/release_manifest_tax_year=2022.csv,1520,2026-03-20T18:06:15+00:00,bronze,irs_soi_county,metadata,False
swb-321-irs990-teos,bronze/irs_soi/county/metadata/size_verification_tax_year=2022.csv,1552,2026-03-20T18:07:25+00:00,bronze,irs_soi_county,metadata,False
swb-321-irs990-teos,bronze/irs_soi/county/raw/tax_year=2022/22incyallagi.csv,35567992,2026-03-20T18:01:24+00:00,bronze,irs_soi_county,data,False
swb-321-irs990-teos,bronze/irs_soi/county/raw/tax_year=2022/22incyallnoagi.csv,5075247,2026-03-20T18:05:34+00:00,bronze,irs_soi_county,data,False
swb-321-irs990-teos,bronze/irs_soi/county/raw/tax_year=2022/22incydocguide.docx,47920,2026-03-20T18:06:13+00:00,bronze,irs_soi_county,data,False
swb-321-irs990-teos,bronze/land_area/land_area.csv,145496,2026-04-23T01:10:00+00:00,bronze,other,data,False
swb-321-irs990-teos,bronze/nccs_990/core/bridge_bmf/state=AZ/AZ_BMF_V1.1.csv,21127297,2026-03-20T22:43:06+00:00,bronze,nccs_990_core,data,True
swb-321-irs990-teos,bronze/nccs_990/core/bridge_bmf/state=MN/MN_BMF_V1.1.csv,28598894,2026-03-20T22:43:19+00:00,bronze,nccs_990_core,data,True
swb-321-irs990-teos,bronze/nccs_990/core/bridge_bmf/state=MT/MT_BMF_V1.1.csv,7297506,2026-03-20T22:43:32+00:00,bronze,nccs_990_core,data,True
swb-321-irs990-teos,bronze/nccs_990/core/bridge_bmf/state=SD/SD_BMF_V1.1.csv,5225014,2026-03-20T22:43:44+00:00,bronze,nccs_990_core,data,True
swb-321-irs990-teos,bronze/nccs_990/core/metadata/CORE-HRMN_dd.csv,149914,2026-03-20T22:43:00+00:00,bronze,nccs_990_core,metadata,True
swb-321-irs990-teos,bronze/nccs_990/core/metadata/DD-PF-HRMN-V0.csv,60919,2026-03-20T22:43:02+00:00,bronze,nccs_990_core,metadata,True
swb-321-irs990-teos,bronze/nccs_990/core/metadata/catalog_bmf.html,94214,2026-03-20T22:43:59+00:00,bronze,nccs_990_core,metadata,True
swb-321-irs990-teos,bronze/nccs_990/core/metadata/catalog_core.html,72527,2026-03-20T22:43:57+00:00,bronze,nccs_990_core,metadata,True
swb-321-irs990-teos,bronze/nccs_990/core/metadata/harmonized_data_dictionary.xlsx,68223,2026-03-20T22:43:04+00:00,bronze,nccs_990_core,metadata,True
swb-321-irs990-teos,bronze/nccs_990/core/metadata/latest_release.json,11904,2026-03-20T22:43:55+00:00,bronze,nccs_990_core,metadata,True
swb-321-irs990-teos,bronze/nccs_990/core/metadata/release_manifest_year=2022.csv,6014,2026-03-20T22:44:01+00:00,bronze,nccs_990_core,metadata,True
swb-321-irs990-teos,bronze/nccs_990/core/metadata/size_verification_year=2022.csv,6147,2026-03-20T22:44:29+00:00,bronze,nccs_990_core,metadata,True
swb-321-irs990-teos,bronze/nccs_990/core/raw/year=2022/CORE-2022-501C3-CHARITIES-PC-HRMN.csv,19238005,2026-03-20T22:42:13+00:00,bronze,nccs_990_core,data,True
swb-321-irs990-teos,bronze/nccs_990/core/raw/year=2022/CORE-2022-501C3-CHARITIES-PZ-HRMN.csv,33236336,2026-03-20T22:41:57+00:00,bronze,nccs_990_core,data,True
swb-321-irs990-teos,bronze/nccs_990/core/raw/year=2022/CORE-2022-501C3-PRIVFOUND-PF-HRMN-V0.csv,60221148,2026-03-20T22:42:41+00:00,bronze,nccs_990_core,data,True
swb-321-irs990-teos,bronze/nccs_990/core/raw/year=2022/CORE-2022-501CE-NONPROFIT-PC-HRMN.csv,7597326,2026-03-20T22:42:35+00:00,bronze,nccs_990_core,data,True
swb-321-irs990-teos,bronze/nccs_990/core/raw/year=2022/CORE-2022-501CE-NONPROFIT-PZ-HRMN.csv,12469680,2026-03-20T22:42:26+00:00,bronze,nccs_990_core,data,True
swb-321-irs990-teos,bronze/nccs_990/postcard/metadata/latest_release.json,3234,2026-03-23T20:40:20+00:00,bronze,nccs_990_postcard,metadata,True
swb-321-irs990-teos,bronze/nccs_990/postcard/metadata/postcard_page.html,59797,2026-03-23T20:40:27+00:00,bronze,nccs_990_postcard,metadata,True
swb-321-irs990-teos,bronze/nccs_990/postcard/metadata/release_manifest_snapshot_year=2026.csv,1763,2026-03-23T20:40:29+00:00,bronze,nccs_990_postcard,metadata,True
swb-321-irs990-teos,bronze/nccs_990/postcard/metadata/size_verification_snapshot_year=2026.csv,1802,2026-03-23T20:42:59+00:00,bronze,nccs_990_postcard,metadata,True
swb-321-irs990-teos,bronze/nccs_990/postcard/raw/snapshot_year=2026/snapshot_month=2026-01/2026-01-E-POSTCARD.csv,377496069,2026-03-23T20:40:20+00:00,bronze,nccs_990_postcard,data,True
swb-321-irs990-teos,bronze/nccs_990/postcard/raw/snapshot_year=2026/snapshot_month=2026-02/2026-02-E-POSTCARD.csv,377607602,2026-03-23T20:40:20+00:00,bronze,nccs_990_postcard,data,True
swb-321-irs990-teos,bronze/nccs_990/postcard/raw/snapshot_year=2026/snapshot_month=2026-03/2026-03-E-POSTCARD.csv,379901679,2026-03-23T20:40:20+00:00,bronze,nccs_990_postcard,data,True
swb-321-irs990-teos,bronze/nccs_bmf/metadata/catalog_bmf.html,94214,2026-03-23T20:53:38+00:00,bronze,nccs_bmf,metadata,True
swb-321-irs990-teos,bronze/nccs_bmf/metadata/dataset_bmf.html,47744,2026-03-23T20:53:37+00:00,bronze,nccs_bmf,metadata,True
swb-321-irs990-teos,bronze/nccs_bmf/metadata/latest_release.json,5117,2026-03-23T20:53:36+00:00,bronze,nccs_bmf,metadata,True
swb-321-irs990-teos,bronze/nccs_bmf/metadata/release_manifest_start_year=2022.csv,2422,2026-03-23T20:53:39+00:00,bronze,nccs_bmf,metadata,True
swb-321-irs990-teos,bronze/nccs_bmf/metadata/size_verification_start_year=2022.csv,2487,2026-03-23T20:53:48+00:00,bronze,nccs_bmf,metadata,True
swb-321-irs990-teos,bronze/nccs_bmf/raw/year=2022/BMF-2022-08-501CX-NONPROFIT-PX.csv,345836470,2026-03-23T20:48:49+00:00,bronze,nccs_bmf,data,True
swb-321-irs990-teos,bronze/nccs_bmf/raw/year=2023/2023-12-BMF.csv,386754648,2026-03-23T20:49:46+00:00,bronze,nccs_bmf,data,True
swb-321-irs990-teos,bronze/nccs_bmf/raw/year=2024/2024-12-BMF.csv,391222247,2026-03-23T20:50:41+00:00,bronze,nccs_bmf,data,True
swb-321-irs990-teos,bronze/nccs_bmf/raw/year=2025/2025-12-BMF.csv,400623508,2026-03-23T20:51:45+00:00,bronze,nccs_bmf,data,True
swb-321-irs990-teos,bronze/nccs_bmf/raw/year=2026/2026-03-BMF.csv,403208276,2026-03-23T20:52:37+00:00,bronze,nccs_bmf,data,True
swb-321-irs990-teos,bronze/nccs_efile/metadata/catalog_efile.html,809444,2026-03-23T21:05:34+00:00,bronze,nccs_efile,metadata,True
swb-321-irs990-teos,bronze/nccs_efile/metadata/dataset_efile.html,45571,2026-03-23T21:05:33+00:00,bronze,nccs_efile,metadata,True
swb-321-irs990-teos,bronze/nccs_efile/metadata/latest_release.json,9063,2026-03-23T21:05:32+00:00,bronze,nccs_efile,metadata,True
swb-321-irs990-teos,bronze/nccs_efile/metadata/release_manifest_start_year=2022.csv,5313,2026-03-23T21:05:36+00:00,bronze,nccs_efile,metadata,True
swb-321-irs990-teos,bronze/nccs_efile/metadata/size_verification_start_year=2022.csv,5427,2026-03-23T21:05:50+00:00,bronze,nccs_efile,metadata,True
swb-321-irs990-teos,bronze/nccs_efile/raw/tax_year=2022/table=F9-P00-T00-HEADER/F9-P00-T00-HEADER-2022.CSV,353293716,2026-03-23T21:00:03+00:00,bronze,nccs_efile,data,True
swb-321-irs990-teos,bronze/nccs_efile/raw/tax_year=2022/table=F9-P01-T00-SUMMARY/F9-P01-T00-SUMMARY-2022.CSV,300076556,2026-03-23T21:01:15+00:00,bronze,nccs_efile,data,True
swb-321-irs990-teos,bronze/nccs_efile/raw/tax_year=2022/table=SA-P01-T00-PUBLIC-CHARITY-STATUS/SA-P01-T00-PUBLIC-CHARITY-STATUS-2022.CSV,144514771,2026-03-23T21:02:00+00:00,bronze,nccs_efile,data,True
swb-321-irs990-teos,bronze/nccs_efile/raw/tax_year=2023/table=F9-P00-T00-HEADER/F9-P00-T00-HEADER-2023.CSV,335234643,2026-03-23T21:02:26+00:00,bronze,nccs_efile,data,True
swb-321-irs990-teos,bronze/nccs_efile/raw/tax_year=2023/table=F9-P01-T00-SUMMARY/F9-P01-T00-SUMMARY-2023.CSV,285762444,2026-03-23T21:03:21+00:00,bronze,nccs_efile,data,True
swb-321-irs990-teos,bronze/nccs_efile/raw/tax_year=2023/table=SA-P01-T00-PUBLIC-CHARITY-STATUS/SA-P01-T00-PUBLIC-CHARITY-STATUS-2023.CSV,137688638,2026-03-23T21:04:13+00:00,bronze,nccs_efile,data,True
swb-321-irs990-teos,bronze/nccs_efile/raw/tax_year=2024/table=F9-P00-T00-HEADER/F9-P00-T00-HEADER-2024.CSV,95861181,2026-03-23T21:04:37+00:00,bronze,nccs_efile,data,True
swb-321-irs990-teos,bronze/nccs_efile/raw/tax_year=2024/table=F9-P01-T00-SUMMARY/F9-P01-T00-SUMMARY-2024.CSV,80900384,2026-03-23T21:04:56+00:00,bronze,nccs_efile,data,True
swb-321-irs990-teos,bronze/nccs_efile/raw/tax_year=2024/table=SA-P01-T00-PUBLIC-CHARITY-STATUS/SA-P01-T00-PUBLIC-CHARITY-STATUS-2024.CSV,40929398,2026-03-23T21:05:12+00:00,bronze,nccs_efile,data,True
swb-321-irs990-teos,bronze/rural/Ruralurbancontinuumcodes2023.csv,353203,2026-04-21T03:49:14+00:00,bronze,other,data,False
swb-321-irs990-teos,documentation/client_ready/README.md,1823,2026-05-01T20:55:02+00:00,documentation,client_ready_documentation,client_documentation_package,False
swb-321-irs990-teos,documentation/client_ready/_manifest.csv,25337,2026-05-01T21:06:55+00:00,documentation,client_ready_documentation,client_documentation_package,False
swb-321-irs990-teos,documentation/client_ready/bronze/givingtuesday_990/datamarts/metadata/curated_output_size_verification_report.csv,2956,2026-05-01T20:55:05+00:00,documentation,client_ready_documentation,client_documentation_package,False
swb-321-irs990-teos,documentation/client_ready/bronze/givingtuesday_990/datamarts/metadata/datamart_catalog.csv,14798,2026-05-01T20:55:07+00:00,documentation,client_ready_documentation,client_documentation_package,False
swb-321-irs990-teos,documentation/client_ready/bronze/givingtuesday_990/datamarts/metadata/datamart_catalog_raw.json,42596,2026-05-01T20:55:08+00:00,documentation,client_ready_documentation,client_documentation_package,False
swb-321-irs990-teos,documentation/client_ready/bronze/givingtuesday_990/datamarts/metadata/datamart_fields.csv,238445,2026-05-01T20:55:10+00:00,documentation,client_ready_documentation,client_documentation_package,False
swb-321-irs990-teos,documentation/client_ready/bronze/givingtuesday_990/datamarts/metadata/download_state_manifest.json,1364,2026-05-01T20:55:12+00:00,documentation,client_ready_documentation,client_documentation_package,False
swb-321-irs990-teos,documentation/client_ready/bronze/givingtuesday_990/datamarts/metadata/gt_pipeline_artifact_manifest.csv,12397,2026-05-01T20:55:13+00:00,documentation,client_ready_documentation,client_documentation_package,False
swb-321-irs990-teos,documentation/client_ready/bronze/givingtuesday_990/datamarts/metadata/gt_pipeline_artifact_manifest.json,16834,2026-05-01T20:55:15+00:00,documentation,client_ready_documentation,client_documentation_package,False
swb-321-irs990-teos,documentation/client_ready/bronze/givingtuesday_990/datamarts/metadata/raw_bronze_upload_state.json,6134,2026-05-01T20:55:17+00:00,documentation,client_ready_documentation,client_documentation_package,False
swb-321-irs990-teos,documentation/client_ready/bronze/givingtuesday_990/datamarts/metadata/raw_size_verification_state.json,2720,2026-05-01T20:55:18+00:00,documentation,client_ready_documentation,client_documentation_package,False
swb-321-irs990-teos,documentation/client_ready/bronze/givingtuesday_990/datamarts/metadata/required_datasets_manifest.csv,1917,2026-05-01T20:55:20+00:00,documentation,client_ready_documentation,client_documentation_package,False
swb-321-irs990-teos,documentation/client_ready/bronze/givingtuesday_990/datamarts/metadata/run_990_datamart_pipeline_summary.json,1683,2026-05-01T20:55:21+00:00,documentation,client_ready_documentation,client_documentation_package,False
swb-321-irs990-teos,documentation/client_ready/bronze/givingtuesday_990/datamarts/metadata/schema_snapshot_basic_allforms_filtered.json,6442,2026-05-01T20:55:23+00:00,documentation,client_ready_documentation,client_documentation_package,False
swb-321-irs990-teos,documentation/client_ready/bronze/givingtuesday_990/datamarts/metadata/schema_snapshot_filings_filtered.json,6516,2026-05-01T20:55:25+00:00,documentation,client_ready_documentation,client_documentation_package,False
swb-321-irs990-teos,documentation/client_ready/bronze/givingtuesday_990/datamarts/metadata/size_verification_report.csv,2461,2026-05-01T20:55:26+00:00,documentation,client_ready_documentation,client_documentation_package,False
swb-321-irs990-teos,documentation/client_ready/bronze/irs990/bmf/metadata/irs_bmf_raw_manifest.csv,1048,2026-05-01T20:55:28+00:00,documentation,client_ready_documentation,client_documentation_package,False
swb-321-irs990-teos,documentation/client_ready/bronze/irs_soi/county/metadata/latest_release.json,1721,2026-05-01T20:55:29+00:00,documentation,client_ready_documentation,client_documentation_package,False
swb-321-irs990-teos,documentation/client_ready/bronze/irs_soi/county/metadata/release_manifest_tax_year=2022.csv,1520,2026-05-01T20:55:31+00:00,documentation,client_ready_documentation,client_documentation_package,False
swb-321-irs990-teos,documentation/client_ready/bronze/irs_soi/county/metadata/size_verification_tax_year=2022.csv,1552,2026-05-01T20:55:32+00:00,documentation,client_ready_documentation,client_documentation_package,False
swb-321-irs990-teos,documentation/client_ready/bronze/nccs_990/core/metadata/CORE-HRMN_dd.csv,149914,2026-05-01T20:55:37+00:00,documentation,client_ready_documentation,client_documentation_package,False
swb-321-irs990-teos,documentation/client_ready/bronze/nccs_990/core/metadata/DD-PF-HRMN-V0.csv,60919,2026-05-01T20:55:39+00:00,documentation,client_ready_documentation,client_documentation_package,False
swb-321-irs990-teos,documentation/client_ready/bronze/nccs_990/core/metadata/catalog_bmf.html,94214,2026-05-01T20:55:34+00:00,documentation,client_ready_documentation,client_documentation_package,False
swb-321-irs990-teos,documentation/client_ready/bronze/nccs_990/core/metadata/catalog_core.html,72527,2026-05-01T20:55:36+00:00,documentation,client_ready_documentation,client_documentation_package,False
swb-321-irs990-teos,documentation/client_ready/bronze/nccs_990/core/metadata/harmonized_data_dictionary.xlsx,68223,2026-05-01T20:55:41+00:00,documentation,client_ready_documentation,client_documentation_package,False
swb-321-irs990-teos,documentation/client_ready/bronze/nccs_990/core/metadata/latest_release.json,11904,2026-05-01T20:55:43+00:00,documentation,client_ready_documentation,client_documentation_package,False
swb-321-irs990-teos,documentation/client_ready/bronze/nccs_990/core/metadata/release_manifest_year=2022.csv,6014,2026-05-01T20:55:44+00:00,documentation,client_ready_documentation,client_documentation_package,False
swb-321-irs990-teos,documentation/client_ready/bronze/nccs_990/core/metadata/size_verification_year=2022.csv,6147,2026-05-01T20:55:46+00:00,documentation,client_ready_documentation,client_documentation_package,False
swb-321-irs990-teos,documentation/client_ready/bronze/nccs_990/postcard/metadata/latest_release.json,3234,2026-05-01T20:55:48+00:00,documentation,client_ready_documentation,client_documentation_package,False
swb-321-irs990-teos,documentation/client_ready/bronze/nccs_990/postcard/metadata/postcard_page.html,59797,2026-05-01T20:55:49+00:00,documentation,client_ready_documentation,client_documentation_package,False
swb-321-irs990-teos,documentation/client_ready/bronze/nccs_990/postcard/metadata/release_manifest_snapshot_year=2026.csv,1763,2026-05-01T20:55:51+00:00,documentation,client_ready_documentation,client_documentation_package,False
swb-321-irs990-teos,documentation/client_ready/bronze/nccs_990/postcard/metadata/size_verification_snapshot_year=2026.csv,1802,2026-05-01T20:55:52+00:00,documentation,client_ready_documentation,client_documentation_package,False
swb-321-irs990-teos,documentation/client_ready/bronze/nccs_bmf/metadata/catalog_bmf.html,94214,2026-05-01T20:55:54+00:00,documentation,client_ready_documentation,client_documentation_package,False
swb-321-irs990-teos,documentation/client_ready/bronze/nccs_bmf/metadata/dataset_bmf.html,47744,2026-05-01T20:55:56+00:00,documentation,client_ready_documentation,client_documentation_package,False
swb-321-irs990-teos,documentation/client_ready/bronze/nccs_bmf/metadata/latest_release.json,5117,2026-05-01T20:55:57+00:00,documentation,client_ready_documentation,client_documentation_package,False
swb-321-irs990-teos,documentation/client_ready/bronze/nccs_bmf/metadata/release_manifest_start_year=2022.csv,2422,2026-05-01T20:55:59+00:00,documentation,client_ready_documentation,client_documentation_package,False
swb-321-irs990-teos,documentation/client_ready/bronze/nccs_bmf/metadata/size_verification_start_year=2022.csv,2487,2026-05-01T20:56:00+00:00,documentation,client_ready_documentation,client_documentation_package,False
swb-321-irs990-teos,documentation/client_ready/bronze/nccs_efile/metadata/catalog_efile.html,809444,2026-05-01T20:56:02+00:00,documentation,client_ready_documentation,client_documentation_package,False
swb-321-irs990-teos,documentation/client_ready/bronze/nccs_efile/metadata/dataset_efile.html,45571,2026-05-01T20:56:04+00:00,documentation,client_ready_documentation,client_documentation_package,False
swb-321-irs990-teos,documentation/client_ready/bronze/nccs_efile/metadata/latest_release.json,9063,2026-05-01T20:56:06+00:00,documentation,client_ready_documentation,client_documentation_package,False
swb-321-irs990-teos,documentation/client_ready/bronze/nccs_efile/metadata/release_manifest_start_year=2022.csv,5313,2026-05-01T20:56:07+00:00,documentation,client_ready_documentation,client_documentation_package,False
swb-321-irs990-teos,documentation/client_ready/bronze/nccs_efile/metadata/size_verification_start_year=2022.csv,5427,2026-05-01T20:56:09+00:00,documentation,client_ready_documentation,client_documentation_package,False
swb-321-irs990-teos,documentation/client_ready/coverage_evidence/givingtuesday_990_basic_allforms_analysis_variable_coverage.csv,16579,2026-05-01T20:56:10+00:00,documentation,client_ready_documentation,coverage,False
swb-321-irs990-teos,documentation/client_ready/coverage_evidence/irs_bmf_analysis_variable_coverage.csv,11395,2026-05-01T20:56:12+00:00,documentation,client_ready_documentation,coverage,False
swb-321-irs990-teos,documentation/client_ready/coverage_evidence/nccs_990_core_analysis_variable_coverage.csv,10374,2026-05-01T20:56:13+00:00,documentation,client_ready_documentation,coverage,False
swb-321-irs990-teos,documentation/client_ready/coverage_evidence/nccs_990_postcard_analysis_variable_coverage.csv,7982,2026-05-01T20:56:15+00:00,documentation,client_ready_documentation,coverage,False
swb-321-irs990-teos,documentation/client_ready/coverage_evidence/nccs_bmf_analysis_variable_coverage.csv,8050,2026-05-01T20:56:17+00:00,documentation,client_ready_documentation,coverage,False
swb-321-irs990-teos,documentation/client_ready/coverage_evidence/nccs_efile_analysis_variable_coverage.csv,14574,2026-05-01T20:56:18+00:00,documentation,client_ready_documentation,coverage,False
swb-321-irs990-teos,documentation/client_ready/markdown/analysis_variable_mappings/givingtuesday_basic_analysis_variable_mapping.md,12200,2026-05-01T21:06:53+00:00,documentation,client_ready_documentation,variable_mapping,False
swb-321-irs990-teos,documentation/client_ready/markdown/analysis_variable_mappings/irs_bmf_analysis_variable_mapping.md,5715,2026-05-01T20:56:22+00:00,documentation,client_ready_documentation,variable_mapping,False
swb-321-irs990-teos,documentation/client_ready/markdown/analysis_variable_mappings/nccs_990_core_analysis_variable_mapping.md,7733,2026-05-01T20:56:23+00:00,documentation,client_ready_documentation,variable_mapping,False
swb-321-irs990-teos,documentation/client_ready/markdown/analysis_variable_mappings/nccs_990_postcard_analysis_variable_mapping.md,7518,2026-05-01T20:56:25+00:00,documentation,client_ready_documentation,variable_mapping,False
swb-321-irs990-teos,documentation/client_ready/markdown/analysis_variable_mappings/nccs_bmf_analysis_variable_mapping.md,7474,2026-05-01T20:56:27+00:00,documentation,client_ready_documentation,variable_mapping,False
swb-321-irs990-teos,documentation/client_ready/markdown/analysis_variable_mappings/nccs_efile_analysis_variable_mapping.md,6386,2026-05-01T20:56:28+00:00,documentation,client_ready_documentation,variable_mapping,False
swb-321-irs990-teos,documentation/client_ready/markdown/givingtuesday_datamarts/datamart_catalog.md,14196,2026-05-01T20:56:30+00:00,documentation,client_ready_documentation,client_documentation_package,False
swb-321-irs990-teos,documentation/client_ready/markdown/givingtuesday_datamarts/datamart_fields.md,157412,2026-05-01T20:56:32+00:00,documentation,client_ready_documentation,client_documentation_package,False
swb-321-irs990-teos,documentation/client_ready/markdown/pipeline_docs/givingtuesday_datamart_pipeline.md,82543,2026-05-01T20:56:34+00:00,documentation,client_ready_documentation,documentation,False
swb-321-irs990-teos,documentation/client_ready/markdown/pipeline_docs/irs_bmf_pipeline.md,14767,2026-05-01T20:56:35+00:00,documentation,client_ready_documentation,documentation,False
swb-321-irs990-teos,documentation/client_ready/markdown/pipeline_docs/nccs_990_core_pipeline.md,15456,2026-05-01T20:56:37+00:00,documentation,client_ready_documentation,documentation,False
swb-321-irs990-teos,documentation/client_ready/markdown/pipeline_docs/nccs_990_postcard_pipeline.md,14447,2026-05-01T20:56:38+00:00,documentation,client_ready_documentation,documentation,False
swb-321-irs990-teos,documentation/client_ready/markdown/pipeline_docs/nccs_bmf_pipeline.md,16585,2026-05-01T20:56:40+00:00,documentation,client_ready_documentation,documentation,False
swb-321-irs990-teos,documentation/client_ready/markdown/pipeline_docs/nccs_efile_pipeline.md,15862,2026-05-01T20:56:42+00:00,documentation,client_ready_documentation,documentation,False
swb-321-irs990-teos,documentation/client_ready/raw_data_dictionaries/README.md,2552,2026-05-01T20:56:43+00:00,documentation,client_ready_documentation,raw_dictionary,False
swb-321-irs990-teos,documentation/client_ready/raw_data_dictionaries/_generated_companion_manifest.csv,1324,2026-05-01T20:56:45+00:00,documentation,client_ready_documentation,raw_dictionary,False
swb-321-irs990-teos,documentation/client_ready/raw_data_dictionaries/_source_download_manifest.csv,1845,2026-05-01T20:56:47+00:00,documentation,client_ready_documentation,raw_dictionary,False
swb-321-irs990-teos,documentation/client_ready/raw_data_dictionaries/givingtuesday_datamarts/datamart_catalog.csv,14798,2026-05-01T20:56:48+00:00,documentation,client_ready_documentation,raw_dictionary,False
swb-321-irs990-teos,documentation/client_ready/raw_data_dictionaries/givingtuesday_datamarts/datamart_fields.csv,238445,2026-05-01T20:56:50+00:00,documentation,client_ready_documentation,raw_dictionary,False
swb-321-irs990-teos,documentation/client_ready/raw_data_dictionaries/irs_990n_postcard/2026-03-E-POSTCARD_header_dictionary.csv,10008,2026-05-01T20:56:52+00:00,documentation,client_ready_documentation,raw_dictionary,False
swb-321-irs990-teos,documentation/client_ready/raw_data_dictionaries/irs_990n_postcard/990n-data-dictionary.pdf,179617,2026-05-01T20:56:54+00:00,documentation,client_ready_documentation,raw_dictionary,False
swb-321-irs990-teos,documentation/client_ready/raw_data_dictionaries/irs_eo_bmf/eo-info.pdf,495364,2026-05-01T20:56:56+00:00,documentation,client_ready_documentation,raw_dictionary,False
swb-321-irs990-teos,documentation/client_ready/raw_data_dictionaries/nccs_990_core/CORE-HRMN_dd.csv,149914,2026-05-01T20:56:58+00:00,documentation,client_ready_documentation,raw_dictionary,False
swb-321-irs990-teos,documentation/client_ready/raw_data_dictionaries/nccs_990_core/DD-PF-HRMN-V0.csv,60919,2026-05-01T20:57:00+00:00,documentation,client_ready_documentation,raw_dictionary,False
swb-321-irs990-teos,documentation/client_ready/raw_data_dictionaries/nccs_990_core/harmonized_data_dictionary.xlsx,68223,2026-05-01T20:57:01+00:00,documentation,client_ready_documentation,raw_dictionary,False
swb-321-irs990-teos,documentation/client_ready/raw_data_dictionaries/nccs_bmf_legacy_2022/BMF-2022-08-501CX-NONPROFIT-PX_header_dictionary.csv,12840,2026-05-01T20:57:03+00:00,documentation,client_ready_documentation,raw_dictionary,False
swb-321-irs990-teos,documentation/client_ready/raw_data_dictionaries/nccs_bmf_legacy_2022/dd_unavailable.html,10971,2026-05-01T20:57:05+00:00,documentation,client_ready_documentation,raw_dictionary,False
swb-321-irs990-teos,documentation/client_ready/raw_data_dictionaries/nccs_bmf_raw_monthly/2026-03-BMF_header_dictionary.csv,9776,2026-05-01T20:57:06+00:00,documentation,client_ready_documentation,raw_dictionary,False
swb-321-irs990-teos,documentation/client_ready/raw_data_dictionaries/nccs_efile/data-dictionary.html,1961274,2026-05-01T20:57:08+00:00,documentation,client_ready_documentation,raw_dictionary,False
swb-321-irs990-teos,documentation/client_ready/raw_data_dictionaries/nccs_efile/data-dictionary_variables.csv,254898,2026-05-01T20:57:12+00:00,documentation,client_ready_documentation,raw_dictionary,False
swb-321-irs990-teos,documentation/client_ready/silver/acs/metadata/acs_variable_dictionary.csv,2892,2026-05-01T20:57:14+00:00,documentation,client_ready_documentation,client_documentation_package,False
swb-321-irs990-teos,documentation/client_ready/silver/bls/metadata/bls_data_dictionary.xlsx,10136,2026-05-01T20:57:15+00:00,documentation,client_ready_documentation,client_documentation_package,False
swb-321-irs990-teos,documentation/client_ready/silver/bls/metadata/missing_regions_2022.csv,163,2026-05-01T20:57:17+00:00,documentation,client_ready_documentation,client_documentation_package,False
swb-321-irs990-teos,documentation/client_ready/silver/combined_990/metadata/build_summary.json,12205,2026-05-01T20:57:18+00:00,documentation,client_ready_documentation,client_documentation_package,False
swb-321-irs990-teos,documentation/client_ready/silver/combined_990/metadata/column_dictionary.csv,75051,2026-05-01T20:57:20+00:00,documentation,client_ready_documentation,client_documentation_package,False
swb-321-irs990-teos,documentation/client_ready/silver/combined_990/metadata/diag_overlap_by_ein.csv,417822,2026-05-01T20:57:22+00:00,documentation,client_ready_documentation,client_documentation_package,False
swb-321-irs990-teos,documentation/client_ready/silver/combined_990/metadata/diag_overlap_by_ein_tax_year.csv,1504513,2026-05-01T20:57:23+00:00,documentation,client_ready_documentation,client_documentation_package,False
swb-321-irs990-teos,documentation/client_ready/silver/combined_990/metadata/diag_overlap_summary.csv,897,2026-05-01T20:57:26+00:00,documentation,client_ready_documentation,client_documentation_package,False
swb-321-irs990-teos,documentation/client_ready/silver/combined_990/metadata/field_availability_matrix.csv,172578,2026-05-01T20:57:28+00:00,documentation,client_ready_documentation,client_documentation_package,False
swb-321-irs990-teos,documentation/client_ready/silver/combined_990/metadata/master_column_dictionary.csv,39399,2026-05-01T20:57:30+00:00,documentation,client_ready_documentation,client_documentation_package,False
swb-321-irs990-teos,documentation/client_ready/silver/combined_990/metadata/master_conflict_detail.csv,12179338,2026-05-01T20:57:31+00:00,documentation,client_ready_documentation,client_documentation_package,False
swb-321-irs990-teos,documentation/client_ready/silver/combined_990/metadata/master_conflict_detail.parquet,508044,2026-05-01T20:57:45+00:00,documentation,client_ready_documentation,client_documentation_package,False
swb-321-irs990-teos,documentation/client_ready/silver/combined_990/metadata/master_conflict_summary.csv,708,2026-05-01T20:57:47+00:00,documentation,client_ready_documentation,client_documentation_package,False
swb-321-irs990-teos,documentation/client_ready/silver/combined_990/metadata/master_field_selection_summary.csv,2424,2026-05-01T20:57:49+00:00,documentation,client_ready_documentation,client_documentation_package,False
swb-321-irs990-teos,documentation/client_ready/silver/combined_990/metadata/size_verification.csv,3860,2026-05-01T20:57:51+00:00,documentation,client_ready_documentation,client_documentation_package,False
swb-321-irs990-teos,documentation/client_ready/silver/combined_990/metadata/source_input_manifest.csv,2681,2026-05-01T20:57:52+00:00,documentation,client_ready_documentation,client_documentation_package,False
swb-321-irs990-teos,documentation/client_ready/silver/givingtuesday_990/filing/metadata/curated_output_size_verification_report.csv,2938,2026-05-01T20:57:54+00:00,documentation,client_ready_documentation,client_documentation_package,False
swb-321-irs990-teos,documentation/client_ready/silver/givingtuesday_990/filing/metadata/gt_pipeline_artifact_manifest.csv,14079,2026-05-01T20:57:55+00:00,documentation,client_ready_documentation,client_documentation_package,False
swb-321-irs990-teos,documentation/client_ready/silver/givingtuesday_990/filing/metadata/gt_pipeline_artifact_manifest.json,18741,2026-05-01T20:57:57+00:00,documentation,client_ready_documentation,client_documentation_package,False
swb-321-irs990-teos,documentation/client_ready/silver/givingtuesday_990/filing/metadata/schema_snapshot_basic_allforms_filtered.json,6442,2026-05-01T20:57:59+00:00,documentation,client_ready_documentation,client_documentation_package,False
swb-321-irs990-teos,documentation/client_ready/silver/givingtuesday_990/filing/metadata/schema_snapshot_filings_filtered.json,6639,2026-05-01T20:58:00+00:00,documentation,client_ready_documentation,client_documentation_package,False
swb-321-irs990-teos,documentation/client_ready/silver/irs990/bmf/metadata/irs_bmf_filter_manifest.csv,737,2026-05-01T20:58:02+00:00,documentation,client_ready_documentation,client_documentation_package,False
swb-321-irs990-teos,documentation/client_ready/silver/nccs_bmf/metadata/filter_manifest_start_year=2022.csv,5907,2026-05-01T20:58:04+00:00,documentation,client_ready_documentation,client_documentation_package,False
swb-321-irs990-teos,silver/acs/acs_merged_2024.csv,3322,2026-04-22T00:57:47+00:00,silver,acs,data,False
swb-321-irs990-teos,silver/acs/acs_region_2024.csv,3124,2026-04-22T01:42:16+00:00,silver,acs,data,False
swb-321-irs990-teos,silver/acs/metadata/acs_variable_dictionary.csv,2892,2026-04-22T00:57:47+00:00,silver,acs,metadata,False
swb-321-irs990-teos,silver/bls/metadata/bls_data_dictionary.xlsx,10136,2026-04-10T01:39:10+00:00,silver,bls,metadata,False
swb-321-irs990-teos,silver/bls/metadata/missing_regions_2022.csv,163,2026-04-10T01:32:38+00:00,silver,bls,metadata,False
swb-321-irs990-teos,silver/bls/qcew_nonprofits_2022.csv,3690,2026-04-14T23:29:08+00:00,silver,bls,data,False
swb-321-irs990-teos,silver/combined_990/combined_990_filtered_source_union.parquet,4486573,2026-04-06T21:10:25+00:00,silver,combined_990,data,False
swb-321-irs990-teos,silver/combined_990/combined_990_master_ein_tax_year.parquet,1740139,2026-04-06T21:10:27+00:00,silver,combined_990,data,False
swb-321-irs990-teos,silver/combined_990/metadata/build_summary.json,12205,2026-04-06T21:10:32+00:00,silver,combined_990,metadata,False
swb-321-irs990-teos,silver/combined_990/metadata/column_dictionary.csv,75051,2026-04-06T21:10:30+00:00,silver,combined_990,metadata,False
swb-321-irs990-teos,silver/combined_990/metadata/diag_overlap_by_ein.csv,417822,2026-04-06T21:10:30+00:00,silver,combined_990,metadata,False
swb-321-irs990-teos,silver/combined_990/metadata/diag_overlap_by_ein_tax_year.csv,1504513,2026-04-06T21:10:30+00:00,silver,combined_990,metadata,False
swb-321-irs990-teos,silver/combined_990/metadata/diag_overlap_summary.csv,897,2026-04-06T21:10:32+00:00,silver,combined_990,metadata,False
swb-321-irs990-teos,silver/combined_990/metadata/field_availability_matrix.csv,172578,2026-04-06T21:10:30+00:00,silver,combined_990,metadata,False
swb-321-irs990-teos,silver/combined_990/metadata/master_column_dictionary.csv,39399,2026-03-23T22:02:36+00:00,silver,combined_990,metadata,False
swb-321-irs990-teos,silver/combined_990/metadata/master_conflict_detail.csv,12179338,2026-04-06T21:10:34+00:00,silver,combined_990,metadata,False
swb-321-irs990-teos,silver/combined_990/metadata/master_conflict_detail.parquet,508044,2026-04-06T21:10:34+00:00,silver,combined_990,metadata,False
swb-321-irs990-teos,silver/combined_990/metadata/master_conflict_summary.csv,708,2026-04-06T21:10:34+00:00,silver,combined_990,metadata,False
swb-321-irs990-teos,silver/combined_990/metadata/master_field_selection_summary.csv,2424,2026-04-06T21:10:33+00:00,silver,combined_990,metadata,False
swb-321-irs990-teos,silver/combined_990/metadata/size_verification.csv,3860,2026-04-06T21:10:42+00:00,silver,combined_990,metadata,False
swb-321-irs990-teos,silver/combined_990/metadata/source_input_manifest.csv,2681,2026-03-23T22:02:34+00:00,silver,combined_990,metadata,False
swb-321-irs990-teos,silver/givingtuesday_990/analysis/documentation/givingtuesday_datamart_pipeline.md,82543,2026-05-01T20:53:57+00:00,silver,givingtuesday_990,documentation,True
swb-321-irs990-teos,silver/givingtuesday_990/analysis/givingtuesday_990_basic_allforms_analysis_region_metrics.parquet,18804,2026-04-06T20:57:52+00:00,silver,givingtuesday_990,data,True
swb-321-irs990-teos,silver/givingtuesday_990/analysis/givingtuesday_990_basic_allforms_analysis_variables.parquet,430687,2026-04-06T21:07:04+00:00,silver,givingtuesday_990,data,True
swb-321-irs990-teos,silver/givingtuesday_990/analysis/quality/coverage/givingtuesday_990_basic_allforms_analysis_variable_coverage.csv,16579,2026-05-01T20:54:00+00:00,silver,givingtuesday_990,coverage,True
swb-321-irs990-teos,silver/givingtuesday_990/analysis/variable_mappings/givingtuesday_basic_analysis_variable_mapping.md,12200,2026-05-01T21:06:51+00:00,silver,givingtuesday_990,variable_mapping,True
swb-321-irs990-teos,silver/givingtuesday_990/filing/givingtuesday_990_basic_allforms_benchmark.parquet,1674926,2026-04-06T21:05:33+00:00,silver,givingtuesday_990,data,True
swb-321-irs990-teos,silver/givingtuesday_990/filing/givingtuesday_990_filings_benchmark.parquet,1770811,2026-04-06T21:05:33+00:00,silver,givingtuesday_990,data,True
swb-321-irs990-teos,silver/givingtuesday_990/filing/manifest_basic_allforms_filtered.json,2119,2026-04-06T20:57:52+00:00,silver,givingtuesday_990,metadata,True
swb-321-irs990-teos,silver/givingtuesday_990/filing/manifest_filtered.json,2107,2026-04-06T20:57:52+00:00,silver,givingtuesday_990,metadata,True
swb-321-irs990-teos,silver/givingtuesday_990/filing/metadata/curated_output_size_verification_report.csv,2938,2026-04-06T21:05:36+00:00,silver,givingtuesday_990,metadata,True
swb-321-irs990-teos,silver/givingtuesday_990/filing/metadata/gt_pipeline_artifact_manifest.csv,14079,2026-04-06T21:05:38+00:00,silver,givingtuesday_990,metadata,True
swb-321-irs990-teos,silver/givingtuesday_990/filing/metadata/gt_pipeline_artifact_manifest.json,18741,2026-04-06T21:05:37+00:00,silver,givingtuesday_990,metadata,True
swb-321-irs990-teos,silver/givingtuesday_990/filing/metadata/schema_snapshot_basic_allforms_filtered.json,6442,2026-04-06T21:05:33+00:00,silver,givingtuesday_990,metadata,True
swb-321-irs990-teos,silver/givingtuesday_990/filing/metadata/schema_snapshot_filings_filtered.json,6639,2026-04-06T21:05:33+00:00,silver,givingtuesday_990,metadata,True
swb-321-irs990-teos,silver/irs990/bmf/analysis/documentation/irs_bmf_pipeline.md,14767,2026-05-01T20:53:33+00:00,silver,irs_bmf,documentation,True
swb-321-irs990-teos,silver/irs990/bmf/analysis/irs_bmf_analysis_field_metrics.parquet,31830,2026-04-01T23:09:04+00:00,silver,irs_bmf,data,True
swb-321-irs990-teos,silver/irs990/bmf/analysis/irs_bmf_analysis_geography_metrics.parquet,20481,2026-04-01T23:09:01+00:00,silver,irs_bmf,data,True
swb-321-irs990-teos,silver/irs990/bmf/analysis/irs_bmf_analysis_variables.parquet,205063,2026-04-01T23:08:58+00:00,silver,irs_bmf,data,True
swb-321-irs990-teos,silver/irs990/bmf/analysis/quality/coverage/irs_bmf_analysis_variable_coverage.csv,11395,2026-05-01T20:53:37+00:00,silver,irs_bmf,coverage,True
swb-321-irs990-teos,silver/irs990/bmf/analysis/variable_mappings/irs_bmf_analysis_variable_mapping.md,5715,2026-05-01T20:53:35+00:00,silver,irs_bmf,variable_mapping,True
swb-321-irs990-teos,silver/irs990/bmf/bmf_benchmark_counties.parquet,189697,2026-04-01T22:21:50+00:00,silver,irs_bmf,data,True
swb-321-irs990-teos,silver/irs990/bmf/irs_bmf_combined_filtered.parquet,186938,2026-04-01T22:21:48+00:00,silver,irs_bmf,data,True
swb-321-irs990-teos,silver/irs990/bmf/metadata/irs_bmf_filter_manifest.csv,737,2026-04-01T22:21:53+00:00,silver,irs_bmf,metadata,True
swb-321-irs990-teos,silver/irs990/bmf/year=2022/irs_bmf_benchmark_year=2022.parquet,20643,2026-04-01T22:21:54+00:00,silver,irs_bmf,data,True
swb-321-irs990-teos,silver/irs990/bmf/year=2023/irs_bmf_benchmark_year=2023.parquet,27749,2026-04-01T22:21:56+00:00,silver,irs_bmf,data,True
swb-321-irs990-teos,silver/irs990/bmf/year=2024/irs_bmf_benchmark_year=2024.parquet,176096,2026-04-01T22:21:58+00:00,silver,irs_bmf,data,True
swb-321-irs990-teos,silver/irs_soi/county/tax_year=2022/filter_manifest_2022.csv,1455,2026-03-20T18:07:46+00:00,silver,irs_soi_county,metadata,False
swb-321-irs990-teos,silver/irs_soi/county/tax_year=2022/irs_soi_benchmark_combined.csv,134047,2026-04-11T20:51:00+00:00,silver,irs_soi_county,data,False
swb-321-irs990-teos,silver/irs_soi/county/tax_year=2022/irs_soi_benchmark_combined.parquet,181557,2026-04-11T20:51:00+00:00,silver,irs_soi_county,data,False
swb-321-irs990-teos,silver/irs_soi/county/tax_year=2022/irs_soi_county_benchmark_agi_2022.csv,204147,2026-03-20T18:07:41+00:00,silver,irs_soi_county,data,False
swb-321-irs990-teos,silver/irs_soi/county/tax_year=2022/irs_soi_county_benchmark_noagi_2022.csv,30136,2026-03-20T18:07:37+00:00,silver,irs_soi_county,data,False
swb-321-irs990-teos,silver/land_area/land_area_region.csv,172,2026-04-23T01:44:12+00:00,silver,other,data,False
swb-321-irs990-teos,silver/nccs_990/core/analysis/documentation/nccs_990_core_pipeline.md,15456,2026-05-01T20:53:48+00:00,silver,nccs_990_core,documentation,True
swb-321-irs990-teos,silver/nccs_990/core/analysis/nccs_990_core_analysis_geography_metrics.parquet,21889,2026-04-01T23:09:01+00:00,silver,nccs_990_core,data,True
swb-321-irs990-teos,silver/nccs_990/core/analysis/nccs_990_core_analysis_variables.parquet,144721,2026-04-01T23:08:58+00:00,silver,nccs_990_core,data,True
swb-321-irs990-teos,silver/nccs_990/core/analysis/quality/coverage/nccs_990_core_analysis_variable_coverage.csv,10374,2026-05-01T20:53:51+00:00,silver,nccs_990_core,coverage,True
swb-321-irs990-teos,silver/nccs_990/core/analysis/variable_mappings/nccs_990_core_analysis_variable_mapping.md,7733,2026-05-01T20:53:49+00:00,silver,nccs_990_core,variable_mapping,True
swb-321-irs990-teos,silver/nccs_990/core/year=2022/CORE-2022-501C3-CHARITIES-PC-HRMN__benchmark.csv,61552,2026-04-01T16:05:47+00:00,silver,nccs_990_core,data,True
swb-321-irs990-teos,silver/nccs_990/core/year=2022/CORE-2022-501C3-CHARITIES-PZ-HRMN__benchmark.csv,86369,2026-04-01T16:05:45+00:00,silver,nccs_990_core,data,True
swb-321-irs990-teos,silver/nccs_990/core/year=2022/CORE-2022-501C3-PRIVFOUND-PF-HRMN-V0__benchmark.csv,179793,2026-04-01T16:05:52+00:00,silver,nccs_990_core,data,True
swb-321-irs990-teos,silver/nccs_990/core/year=2022/CORE-2022-501CE-NONPROFIT-PC-HRMN__benchmark.csv,29233,2026-04-01T16:05:50+00:00,silver,nccs_990_core,data,True
swb-321-irs990-teos,silver/nccs_990/core/year=2022/CORE-2022-501CE-NONPROFIT-PZ-HRMN__benchmark.csv,44517,2026-04-01T16:05:48+00:00,silver,nccs_990_core,data,True
swb-321-irs990-teos,silver/nccs_990/core/year=2022/filter_manifest_year=2022.csv,4414,2026-04-01T16:05:54+00:00,silver,nccs_990_core,metadata,True
swb-321-irs990-teos,silver/nccs_990/core/year=2022/nccs_990_core_combined_filtered_year=2022.parquet,459128,2026-04-01T16:05:55+00:00,silver,nccs_990_core,data,True
swb-321-irs990-teos,silver/nccs_990/postcard/analysis/documentation/nccs_990_postcard_pipeline.md,14447,2026-05-01T20:53:52+00:00,silver,nccs_990_postcard,documentation,True
swb-321-irs990-teos,silver/nccs_990/postcard/analysis/nccs_990_postcard_analysis_geography_metrics.parquet,15522,2026-04-01T23:09:01+00:00,silver,nccs_990_postcard,data,True
swb-321-irs990-teos,silver/nccs_990/postcard/analysis/nccs_990_postcard_analysis_variables.parquet,125977,2026-04-01T23:08:58+00:00,silver,nccs_990_postcard,data,True
swb-321-irs990-teos,silver/nccs_990/postcard/analysis/quality/coverage/nccs_990_postcard_analysis_variable_coverage.csv,7982,2026-05-01T20:53:55+00:00,silver,nccs_990_postcard,coverage,True
swb-321-irs990-teos,silver/nccs_990/postcard/analysis/variable_mappings/nccs_990_postcard_analysis_variable_mapping.md,7518,2026-05-01T20:53:54+00:00,silver,nccs_990_postcard,variable_mapping,True
swb-321-irs990-teos,silver/nccs_990/postcard/snapshot_year=2026/filter_manifest_snapshot_year=2026.csv,324,2026-03-23T20:44:50+00:00,silver,nccs_990_postcard,metadata,True
swb-321-irs990-teos,silver/nccs_990/postcard/snapshot_year=2026/filter_manifest_snapshot_year=2026_tax_year_start=2022.csv,1551,2026-03-23T20:44:56+00:00,silver,nccs_990_postcard,metadata,True
swb-321-irs990-teos,silver/nccs_990/postcard/snapshot_year=2026/nccs_990_postcard_benchmark_snapshot_year=2026.csv,1411943,2026-03-23T20:44:47+00:00,silver,nccs_990_postcard,data,True
swb-321-irs990-teos,silver/nccs_990/postcard/snapshot_year=2026/nccs_990_postcard_benchmark_tax_year_start=2022_snapshot_year=2026.csv,863191,2026-03-23T20:44:51+00:00,silver,nccs_990_postcard,data,True
swb-321-irs990-teos,silver/nccs_990/postcard/snapshot_year=2026/nccs_990_postcard_benchmark_tax_year_start=2022_snapshot_year=2026.parquet,342083,2026-03-23T20:44:53+00:00,silver,nccs_990_postcard,data,True
swb-321-irs990-teos,silver/nccs_bmf/analysis/documentation/nccs_bmf_pipeline.md,16585,2026-05-01T20:53:38+00:00,silver,nccs_bmf,documentation,True
swb-321-irs990-teos,silver/nccs_bmf/analysis/nccs_bmf_analysis_field_metrics.parquet,63643,2026-04-01T23:09:04+00:00,silver,nccs_bmf,data,True
swb-321-irs990-teos,silver/nccs_bmf/analysis/nccs_bmf_analysis_geography_metrics.parquet,24978,2026-04-01T23:09:01+00:00,silver,nccs_bmf,data,True
swb-321-irs990-teos,silver/nccs_bmf/analysis/nccs_bmf_analysis_variables.parquet,469570,2026-04-01T23:08:58+00:00,silver,nccs_bmf,data,True
swb-321-irs990-teos,silver/nccs_bmf/analysis/quality/coverage/nccs_bmf_analysis_variable_coverage.csv,8050,2026-05-01T20:53:41+00:00,silver,nccs_bmf,coverage,True
swb-321-irs990-teos,silver/nccs_bmf/analysis/variable_mappings/nccs_bmf_analysis_variable_mapping.md,7474,2026-05-01T20:53:40+00:00,silver,nccs_bmf,variable_mapping,True
swb-321-irs990-teos,silver/nccs_bmf/metadata/filter_manifest_start_year=2022.csv,5907,2026-03-23T20:56:07+00:00,silver,nccs_bmf,metadata,True
swb-321-irs990-teos,silver/nccs_bmf/year=2022/nccs_bmf_benchmark_year=2022.parquet,313366,2026-03-23T20:54:23+00:00,silver,nccs_bmf,data,True
swb-321-irs990-teos,silver/nccs_bmf/year=2022/nccs_bmf_exact_year_lookup_year=2022.parquet,33542400,2026-03-23T20:54:25+00:00,silver,nccs_bmf,data,True
swb-321-irs990-teos,silver/nccs_bmf/year=2023/nccs_bmf_benchmark_year=2023.parquet,342406,2026-03-23T20:54:41+00:00,silver,nccs_bmf,data,True
swb-321-irs990-teos,silver/nccs_bmf/year=2023/nccs_bmf_exact_year_lookup_year=2023.parquet,34703615,2026-03-23T20:54:43+00:00,silver,nccs_bmf,data,True
swb-321-irs990-teos,silver/nccs_bmf/year=2024/nccs_bmf_benchmark_year=2024.parquet,351665,2026-03-23T20:55:00+00:00,silver,nccs_bmf,data,True
swb-321-irs990-teos,silver/nccs_bmf/year=2024/nccs_bmf_exact_year_lookup_year=2024.parquet,35368679,2026-03-23T20:55:02+00:00,silver,nccs_bmf,data,True
swb-321-irs990-teos,silver/nccs_bmf/year=2025/nccs_bmf_benchmark_year=2025.parquet,362515,2026-03-23T20:55:23+00:00,silver,nccs_bmf,data,True
swb-321-irs990-teos,silver/nccs_bmf/year=2025/nccs_bmf_exact_year_lookup_year=2025.parquet,36489073,2026-03-23T20:55:24+00:00,silver,nccs_bmf,data,True
swb-321-irs990-teos,silver/nccs_bmf/year=2026/nccs_bmf_benchmark_year=2026.parquet,368473,2026-03-23T20:55:43+00:00,silver,nccs_bmf,data,True
swb-321-irs990-teos,silver/nccs_bmf/year=2026/nccs_bmf_exact_year_lookup_year=2026.parquet,36743777,2026-03-23T20:55:45+00:00,silver,nccs_bmf,data,True
swb-321-irs990-teos,silver/nccs_efile/analysis/documentation/nccs_efile_pipeline.md,15862,2026-05-01T20:53:43+00:00,silver,nccs_efile,documentation,True
swb-321-irs990-teos,silver/nccs_efile/analysis/nccs_efile_analysis_geography_metrics.parquet,21549,2026-04-01T23:10:22+00:00,silver,nccs_efile,data,True
swb-321-irs990-teos,silver/nccs_efile/analysis/nccs_efile_analysis_variables.parquet,302651,2026-04-01T23:10:20+00:00,silver,nccs_efile,data,True
swb-321-irs990-teos,silver/nccs_efile/analysis/quality/coverage/nccs_efile_analysis_variable_coverage.csv,14574,2026-05-01T20:53:46+00:00,silver,nccs_efile,coverage,True
swb-321-irs990-teos,silver/nccs_efile/analysis/variable_mappings/nccs_efile_analysis_variable_mapping.md,6386,2026-05-01T20:53:45+00:00,silver,nccs_efile,variable_mapping,True
swb-321-irs990-teos,silver/nccs_efile/comparison/tax_year=2022/efile_vs_core_conflicts_tax_year=2022.csv,472,2026-03-23T21:07:48+00:00,silver,nccs_efile,data,True
swb-321-irs990-teos,silver/nccs_efile/comparison/tax_year=2022/efile_vs_core_fill_rates_tax_year=2022.csv,1172,2026-03-31T21:18:57+00:00,silver,nccs_efile,data,True
swb-321-irs990-teos,silver/nccs_efile/comparison/tax_year=2022/efile_vs_core_row_counts_tax_year=2022.csv,731,2026-03-23T21:07:47+00:00,silver,nccs_efile,data,True
swb-321-irs990-teos,silver/nccs_efile/comparison/tax_year=2022/efile_vs_core_summary_tax_year=2022.json,1584,2026-03-31T21:19:00+00:00,silver,nccs_efile,metadata,True
swb-321-irs990-teos,silver/nccs_efile/tax_year=2022/filter_manifest_tax_year=2022.csv,1514,2026-03-23T21:07:31+00:00,silver,nccs_efile,metadata,True
swb-321-irs990-teos,silver/nccs_efile/tax_year=2022/nccs_efile_benchmark_tax_year=2022.parquet,395113,2026-03-23T21:07:30+00:00,silver,nccs_efile,data,True
swb-321-irs990-teos,silver/nccs_efile/tax_year=2023/filter_manifest_tax_year=2023.csv,1514,2026-03-23T21:07:34+00:00,silver,nccs_efile,metadata,True
swb-321-irs990-teos,silver/nccs_efile/tax_year=2023/nccs_efile_benchmark_tax_year=2023.parquet,383068,2026-03-23T21:07:32+00:00,silver,nccs_efile,data,True
swb-321-irs990-teos,silver/nccs_efile/tax_year=2024/filter_manifest_tax_year=2024.csv,1511,2026-03-23T21:07:37+00:00,silver,nccs_efile,metadata,True
swb-321-irs990-teos,silver/nccs_efile/tax_year=2024/nccs_efile_benchmark_tax_year=2024.parquet,144865,2026-03-23T21:07:35+00:00,silver,nccs_efile,data,True
swb-321-irs990-teos,silver/usa_spending/usaspending_benchmark_awards_consolidated.csv,48907511,2026-04-11T20:55:48+00:00,silver,usa_spending,data,False
swb-321-irs990-teos,silver/usa_spending/usaspending_benchmark_awards_consolidated.parquet,4463493,2026-04-11T20:55:48+00:00,silver,usa_spending,data,False
